id,trigger,conditions,script,text,options,notes
"# Coop mod rule additions. Starsector merges a mod's data/campaign/rules.csv onto the vanilla",,,,,,
"# ruleset, so only the added/overriding rows live here.",,,,,,
,,,,,,
"# How the merge works (verified against the 0.98a bytecode, not assumed):",,,,,,
"#   - Rules.load calls the merged-CSV loader in LoadingUtils with idColumns=[""id""] on",,,,,,
"#     ""data/campaign/rules.csv"".",,,,,,
"#   - That loader walks the resource-source list and keeps the FIRST row it sees for a given id;",,,,,,
"#     any later source's row with the same id is dropped outright.",,,,,,
"#   - StarfarerLauncher registers every enabled mod path into the resource loader (com.fs.util.C)",,,,,,
"#     at index ZERO, i.e. ahead of the core data dir. So mod rows come first, and a mod row whose",,,,,,
"#     id matches a vanilla row REPLACES it; the vanilla row never reaches the rule engine.",,,,,,
"#   - Rules.load skips any row whose id starts with '#', which is what makes these comment rows",,,,,,
"#     (and vanilla's own #ngcDisableSpacerOption) inert. Rows whose id columns are all empty are",,,,,,
"#     dropped by the loader, so blank ',,,,,,' separator lines are safe.",,,,,,
"#   - Duplicate ids WITHIN one file are a hard RuntimeException at load. Vanilla gets away with",,,,,,
"#     six rows all keyed '#' because the CSV parser drops a row whose RAW first character is an",,,,,,
"#     unquoted '#' before the loader ever sees it. Our comment rows are QUOTED, so their first",,,,,,
"#     character is '""' -- they survive the parser and do occupy an id. So keep every comment line",,,,,,
"#     below textually unique, and use empty rows (not repeated quoted '#' rows) as spacers.",,,,,,
,,,,,,
"# (1) COOP TEST START -- a 6th option in the ""Your most recent occupation was as..."" list.",,,,,,
"# Grants a Ziggurat + 1,000,000 credits + crew/supplies/fuel so two clients can get into a",,,,,,
"# real fight without grinding an early game first. Chains into NGCDifficultyOptions, exactly",,,,,,
"# like the vanilla explorer/merc/freelancer options, so the rest of creation is unchanged.",,,,,,
"# MUST be gated or removed before any public release -- see docs/PHASE14_SPIKE_NOTES.md.",,,,,,
coopZigguratStart,AddNewGameChoices,,"SetTooltip coopZiggurat ""COOP TEST START - not intended for normal play.\n\nA Ziggurat-class phase battleship (Experimental variant), 1,000,000 credits, and a full complement of crew, supplies and fuel.\n\nExists so a coop session can start with something worth fighting over.""",,"6:coopZiggurat:COOP TEST - a phase experiment survivor, commanding a Ziggurat (1,000,000 credits)",
coopZigguratPicked,NewGameOptionSelected,$option == coopZiggurat,"NGCAddShip ziggurat_Experimental
NGCAddCredits 1000000
NGCAddCargo RESOURCES crew 50
NGCAddCargo RESOURCES supplies 100
NGCAddCargo RESOURCES fuel 150
FireAll NGCDifficultyOptions",,,
,,,,,,
"# (2) FORCED NORMAL DIFFICULTY + FORCED TUTORIAL SKIP, for every start option.",,,,,,
,,,,,,
"# This one row replaces the vanilla ngcDifficulty row (same id -> vanilla row is dropped, see the",,,,,,
"# merge notes at the top). Vanilla ngcDifficulty is the ONLY rule with trigger NGCDifficultyOptions,",,,,,,
"# and NGCDifficultyOptions is fired only from rules.csv (ngcExplorerPicked, ngcMercPicked,",,,,,,
"# ngcRandomPicked, ngcKitePicked, ngcShepherdPicked and our coopZigguratPicked) -- no engine code",,,,,,
"# fires it. Replacing the row therefore removes the question outright instead of racing it.",,,,,,
,,,,,,
"# Why replace rather than add a second row: FireAll <trigger> runs EVERY matching rule (it collects",,,,,,
"# rules.getAllMatching and calls runScript on each, unlike FireBest which applies only the single",,,,,,
"# best match). An added row with a fresh id would run ALONGSIDE the vanilla question, not instead",,,,,,
"# of it. Sharing the id is what makes this exclusive.",,,,,,
,,,,,,
"# The script body is the vanilla ngcSkipTutorialPicked body with NGCSetDifficulty normal in front,",,,,,,
"# so picking an occupation (and, for the Wolf/Wayfarer starts, a second ship) drops the player",,,,,,
"# straight into the campaign. This also bypasses the vanilla NGCCanSkipTutorial gate, which is",,,,,,
"# intended -- a fresh profile can still start coop. The spacer start (option 5) never fires",,,,,,
"# NGCDifficultyOptions: ngcSpacerPicked already sets normal itself and ngcSpacerContinue already",,,,,,
"# runs this same skip body, so it is untouched and already compliant. (It is also hidden unless",,,,,,
"# enableSpacerStart is turned on -- settings.json defaults it to false.)",,,,,,
,,,,,,
"# WHY FORCE NORMAL. Difficulty is stored per client (CharacterCreationData.setDifficulty ->",,,,,,
"# SectorAPI.setDifficulty, persisted as <difficulty> in saves/save_*/descriptor.xml) and is read",,,,,,
"# through Misc.isEasy(). A host/guest mismatch would give an asymmetric world. What 'easy' changes",,,,,,
"# in 0.98a, from settings.json + the Misc.isEasy() call sites:",,,,,,
"#   - easyPlayerDamageTakenMult 0.75 / easyPlayerDamageDealtMult 1 (settings.json): player ships",,,,,,
"#     take 25% less damage. Combat-engine side, so it would be per-client -- two players in the",,,,,,
"#     same fight with different survivability.",,,,,,
"#   - easySensorBonus 500 (settings.json; SettingsAPI.setEasySensorBonus): +500 sensor range.",,,,,,
"#     Detection is dist <= observer.getMaxSensorRangeToDetect(target), so this changes which NPC",,,,,,
"#     fleets each client sees -- i.e. it desyncs the replicated fleet view, not just the HUD.",,,,,,
"#   - easySalvageMult 1.5 (settings.json): applied in FleetEncounterContext.gatherLoot (battle",,,,,,
"#     salvage), CoreScript debris-field value, and SalvageEntity.generateSalvage (every salvage",,,,,,
"#     drop). Loot quantity feeds the shared world state, so this is world-shaping, not cosmetic.",,,,,,
"#   - easyOfficerLevelMult 1 (settings.json): FleetFactoryV3 officer levels on generated NPC",,,,,,
"#     fleets. A no-op at the vanilla default of 1, but it is host-authoritative world generation.",,,,,,
"#   - ha_maxMonthlyProgressEasy 30 vs ha_maxMonthlyProgress (HostileActivityEventIntel",,,,,,
"#     .getMaxMonthlyProgress): hostile-activity event pacing. World-shaping.",,,,,,
"#   - CampaignTutorialScript guard-fleet composition -- moot here, the tutorial is skipped.",,,,,,
"# So a mismatch would produce a host-difficulty-shaped shared world (salvage, NPC fleets, event",,,,,,
"# pacing) with per-client combat and sensor modifiers layered on top. Symmetric Normal instead.",,,,,,
,,,,,,
"# WHY FORCE THE TUTORIAL SKIP. The vanilla tutorial rewrites Galatia system state",,,,,,
"# (TutorialMissionIntel, respawn flags, the Ancyra/Jangala contacts), which would diverge host and",,,,,,
"# guest in a seed-locked coop campaign. Nothing else fires NGCTutorialOptions once the vanilla",,,,,,
"# ngcEasyPicked/ngcNormalPicked rules are unreachable, so the tutorial question is never asked.",,,,,,
,,,,,,
"# Caveat: if a third mod also defines trigger NGCDifficultyOptions under a different id, FireAll",,,,,,
"# would run both it and this row. Coop v1 is not built for third-party content mods.",,,,,,
"# Revisit at Phase 23 packaging -- see docs/PHASE14_SPIKE_NOTES.md.",,,,,,
ngcDifficulty,NGCDifficultyOptions,,"NGCSetDifficulty normal
$ngcSkipTutorial = true
NGCAddCharacterPoints 1
NGCSetStartingLocation Corvus -2500 3000
NGCAddStandardStartingScript
NGCDone",,,
,,,,,,
"# (3) DEV-MODE QUICK STARTS REMOVED. The two vanilla >>(dev) quick start options are gated on",,,,,,
"# $global.isDevMode and run their own script bodies straight to NGCDone -- they never fire",,,,,,
"# NGCDifficultyOptions, so the forced-normal/skip-tutorial row above cannot reach them. They also",,,,,,
"# set NGCSetWithTimePass false and drop the player in hyperspace at -10000/-10000 with a hand-built",,,,,,
"# fleet, i.e. a different starting world state per client if only one player picks one. Four rows,",,,,,,
"# all replaced by id: the two AddNewGameChoices rows stop the options from being offered at all,",,,,,,
"# and the two NewGameOptionSelected rows are neutered as well so a stale $option value cannot",,,,,,
"# reach the vanilla script body. $coopDevStartsDisabled is never set anywhere, and a missing",,,,,,
"# memory key evaluates false, so all four conditions are permanently unsatisfiable.",,,,,,
initNewGameChoicesDev,AddNewGameChoices,$coopDevStartsDisabled,,,,
initNewGameChoicesDev2,AddNewGameChoices,$coopDevStartsDisabled,,,,
ngcDevStartOption,NewGameOptionSelected,$coopDevStartsDisabled,,,,
ngcDevStartOption2,NewGameOptionSelected,$coopDevStartsDisabled,,,,
,,,,,,
"# (4) GALATIA ACADEMY STORY CHAIN, OFF ON THE GUEST. The ga* missions (GAIntro, GAIntro2,",,,,,,
"# GATalkToBaird, GATalkToSebestyen, GAKallichore, GAFindingCoureuse, GAProjectZiggurat,",,,,,,
"# GAAtTheGates, GADetectHyperspaceOddity, and the Sebestyen contact jobs in",,,,,,
"# person_missions.csv) run entirely inside one engine. Their state is per-client memory --",,,,,,
"# $player.metBaird, $global.gaKA_completed, the mission handles under $global.ga*_ref -- and",,,,,,
"# the places they use are generated locally by whichever mission needs them. None of that is",,,,,,
"# on the wire. A guest who starts the chain therefore gets a private second storyline the host",,,,,,
"# never sees, in a world the two clients no longer agree on. Until a phase replicates story",,,,,,
"# state, the host plays the chain and the guest rides along in the shared world.",,,,,,
,,,,,,
"# The flag is $coopIsGuest on sector memory, published by coop.campaign.CoopStoryChainGate",,,,,,
"# from the prologue CoopModPlugin runs for both onNewGame and onGameLoad, so it is in place",,,,,,
"# before the rules engine can fire anything. It is SET on a guest launch and UNSET on every",,,,,,
"# other launch, never written as false: sector memory rides the save, the same save changes",,,,,,
"# hands between the two roles (a guest rejoins by loading the host autosave), and false would",,,,,,
"# leave the answer to whoever wrote it last. A missing key evaluates false, so the host reads",,,,,,
"# !$global.coopIsGuest as true and takes the vanilla path unchanged.",,,,,,
,,,,,,
"# Every row below is the vanilla row copied verbatim with that one condition appended,",,,,,,
"# replacing the vanilla row by id (see the merge notes at the top of this file). They are the",,,,,,
"# ROOT entries: the points the chain can be reached from with no prior academy state at all.",,,,,,
"# Everything downstream tests state only a root entry can write, so gating these keeps the",,,,,,
"# chain from ever starting rather than stopping it halfway:",,,,,,
"#   - goToTheGABarEventOption / goToGA_barEvent: the day-180 bar academician. The first adds",,,,,,
"#     the bar offer, the second answers it, runs GenGAIntroAcademician and opens the",,,,,,
"#     ga_recruiter conversation that ends in BeginMission gaIntro. Both, so an offer that is",,,,,,
"#     already on a bar screen cannot be taken either.",,,,,,
"#   - gaAddOptionMeetProvost: the Request a meeting with the provost option while docked at",,,,,,
"#     station_galatia_academy. It is what sets $player.metBaird, unhides Baird and Sebestyen",,,,,,
"#     and leads to BeginMission gaTTS. The other two academy dock options (the infodump and",,,,,,
"#     Leave) are untouched, so the guest can still dock there and get out.",,,,,,
"#   - gaIntro2surveyOpen: the instrument package a planet survey can turn up on its own",,,,,,
"#     (RollProbability 0.3), which starts gaIntro2 with no academy contact anywhere in it.",,,,,,
"#   - gaDHOhookStart / gaDHOhookStartDev: the comm-relay message from Academician Elek on",,,,,,
"#     docking after day 365. Vanilla leaves the $player.metBaird condition on this rule",,,,,,
"#     commented out, so it really is an independent way in, not a continuation.",,,,,,
"#   - gaDHOjustFoundArrayStart: finding the modified sensor array yourself, the other way",,,,,,
"#     into gaDHO.",,,,,,
"#   - hamatsu_PostShipRecoverySpecial: recovering the Hamatsu, which begins gaRH.",,,,,,
"#   - gaDevMenuOption: the dev-mode GA test menu at the academy, whose options start gaTTB,",,,,,,
"#     gaDHO and gaATG outright.",,,,,,
,,,,,,
"# Deliberately NOT replaced. The tutorial-only academy rows and gaMeetHegLieutenantOnCoatl",,,,,,
"# cannot fire at all: section (2) above forces the tutorial skip, so $global.isInTutorial and",,,,,,
"# $global.metTseenKeDuringTutorial are never set on either client. The academy shuttle-fleet",,,,,,
"# conversation (academyFleetConv*) is flavour text that starts nothing. GS_ACADEMY_* is a",,,,,,
"# salvage encounter that sets $global.foundGAabyssExpedition, which no rule reads as a",,,,,,
"# precondition. And the repeatable Sebestyen jobs need him as a contact, which only the",,,,,,
"# meeting above can arrange.",,,,,,
,,,,,,
goToTheGABarEventOption,AddBarEvents,"!$market.isHidden
$global.daysSinceStart > 180
!$player.metBaird
!$global.interactedWithGABarEvent
RollProbability 0.2
!$global.isInTutorial
!$global.coopIsGuest","AddBarEvent goToGA_barEvent ""Talk to the distinguished academician"" ""A distinguished, uniformed academician seems to be holding court with a handful of successful-looking ship officers."" highlight",,,
goToGA_barEvent,DialogOptionSelected,"$option == goToGA_barEvent
GenGAIntroAcademician
!$global.coopIsGuest",BeginConversation ga_recruiter,"As you approach, he looks over and says ""Captain $playerName! Don't look so surprised, you've got a fascinating reputation to, shall we say, movers and shakers the Sector over."" 

He dismisses the other officers with a promise to join them in a moment, then catches your eye, ""Dilettantes. Compared to yourself, I mean. I trust you've heard of the academy's new provost?""","goToGA_barEvent1a:""The new what?""
goToGA_barEvent1b:""Oh, the Galatia Academy has a new chief executive?""",
gaAddOptionMeetProvost,PopulateOptions,"$id == station_galatia_academy
!$player.metBaird
!$global.coopIsGuest",,,1:gaRequestMeeting:Request a meeting with the provost,
gaIntro2surveyOpen,DialogOptionSelected,"$option == surveyPerform
!$global.gaIntro2found
!$market.isSurveyed
!$tag:not_random_mission_target
!$player.locTag:theme_hidden
!$player.locTag:theme_core
RollProbability 0.3 score:1000
!$global.coopIsGuest","$global.gaIntro2found = true
$option = gaIntro2_start1 0
FireBest DialogOptionSelected","Your sensors officer frowns at a blinking indicator. ""Captain, there appears to be a faint signal coming from low orbit.""

They pull a detailed scan of the transmission source to the primary bridge display, an orbital nav grid overlaid with icons and telemetry.

""The transmission is very weak. We only picked it up as the survey array ran through its calibration cycle. It looks like an automated instrument package deployed in low orbit. Power source is degraded. It's got to have been here for a while.""","gaIntro2_start2:""And the signal?""","# hop in and interrupt a standard survey interaction, insert stuff about GA etc"
gaDHOhookStart,MarketPostDock,"!$global.foundOneslaught
$marketSize > 3
$faction.id != pirates
$faction.id != luddic_path
$faction.id != luddic_church
!$global.gaDHO_didInvite
$player.transponderOn
$market.mc:comm_relay
$market.daysExisted > 60
$global.daysSinceStart > 365
$player.ability:fracture_jump
RollProbability 0.3
#$player.metBaird
!$global.coopIsGuest","Highlight ""message for you""","As your $shipOrFleet trades pings with local traffic control, your comms officer calls for your attention. ""$PlayerSirOrMadam, there's a message for you. It was stored in the comm network until our transponder code was registered to the local authorities.""","gaDHO_hook0:""Patch it through to my TriPad.""",
gaDHOhookStartDev,MarketPostDock,"!$global.foundOneslaught
$faction.id != pirates
$faction.id != luddic_path
$faction.id != luddic_church
!$global.gaDHO_didInvite
$player.transponderOn
$global.isDevMode
$global.gaDHO_didInviteDEV
!$global.coopIsGuest","Highlight ""message for you""","As your $shipOrFleet trades pings with local traffic control, your comms officer calls for your attention. ""$PlayerSirOrMadam, there's a message for you. It was stored in the comm network until our transponder code was registered to the local authorities.""","gaDHO_hook0:""Patch it through to my TriPad.""",
gaDHOjustFoundArrayStart,OpenInteractionDialog,"!$global.foundOneslaught
$oneslaughtSensorArray score:100
!$global.gaDHO_inProgress
!$global.coopIsGuest","ShowDefaultVisual
PrintDescription 1
AddText ""A routine scan shows that this sensor array has been modified.""","



","gaDHO_justFoundArray0:Investigate the modifications
100:defaultLeave:Leave",
hamatsu_PostShipRecoverySpecial,PostShipRecoverySpecial,"$srs_memberId == hamatsu score:1000
#$global.metCallisto
!$global.coopIsGuest",BeginMission gaRH,,,
gaDevMenuOption,PopulateOptions,"$id == station_galatia_academy
$global.isDevMode
!$global.coopIsGuest",SetOptionColor gaDev_optionsMenu gray,,200:gaDev_optionsMenu:>> (dev) GA test options,
